title,price,image_url,detail_images,rating
고흡수 CoQ10 500MG - Co Q 10 보충제 심장 건강 및 에너지 생산을 위한 120 소프트젤 - 코엔자임 Q10이 함유된 향상된 CoQ10 영양 보충제 - coq10 400mg 소프트젤의 대체품,26.49,https://m.media-amazon.com/images/I/71FMRHHa97L._AC_UL320_.jpg,,{}
"NGL Appetite Booster Pills 라이신, 엽산, 철, 티아민, B 복합체로 강화된 성인용 엑스트라 스트렝스",27.00,https://m.media-amazon.com/images/I/81FFnXzj8XL._AC_UL320_.jpg,,{}
"구연산 칼륨 캡슐 - 1회 제공량당 고효능 칼륨 500mg | 근육 기능, 전해질 균형 및 심장 건강 지원 | 비건, GMO 프리 | 1병, 120캡슐",19.99,https://m.media-amazon.com/images/I/81NWEmPCyfL._AC_UL320_.jpg,,{}
"THORNE - 기본 영양소 2/일 - 최적의 생체 이용률을 갖춘 종합 데일리 멀티비타민 - 비타민 및 미네랄 포뮬러 - 글루텐, 유제품 및 콩 프리 - 60캡슐 - 30회 분량",34.00,https://m.media-amazon.com/images/I/717P2MmBntL._AC_UL320_.jpg,,{}
"네이쳐스바운티, 식이 보충제, 오메가3, 심장 건강 지원, 1200Mg, 200 빠른 발산 소프트젤",14.17,https://m.media-amazon.com/images/I/71b2qlKnCxL._AC_UL320_.jpg,,{}
"전해질 - 마그네슘, 나트륨, 칼륨, 염화물, 비타민 D3 및 B6가 함유된 전해질 정제, 다시마 파우더 - 소금 알약 - 미국 제조 - 캡슐로 구강 정제 - 비건 및 케토 친화적 - 120정",15.16,https://m.media-amazon.com/images/I/81Ew87S5QHL._AC_UL320_.jpg,,{}
"Ancient Nutrition 콜라겐 펩타이드 알약, 가수 분해된 멀티 콜라겐 보충제, 타입 I, II, II, V 및 X, 건강한 피부와 손톱, 장 건강 및 관절 지원, 90캡슐",,https://m.media-amazon.com/images/I/61wMDEXU2PL._AC_UL320_.jpg,,{}
"강황 커큐민 보충제 1950mg - 유기농 강황 및 생강이 함유된 95% 커큐미노이드, 최고의 흡수를 위한 바이오페린 흑후추, Nature's Vegan 관절 지원, GMO 프리, 미국 병 - 240캡슐",26.82,https://m.media-amazon.com/images/I/71bIKnQWeKL._AC_UL320_.jpg,,{}
"Horbaach 영양 효모 태블릿 3000mg | 500개 | B12, B1, B2 및 니아신 포함 | GMO 프리 및 글루텐 프리 보충제",18.99,https://m.media-amazon.com/images/I/71khJQ-4+uL._AC_UL320_.jpg,,{}
"100% 유기농 과일 및 채소 보충제(USDA 유기농 - 미국산) 에너지 부스트 및 일일 과일 및 채소 비타민을 위한 180가지 강력한 과일 및 채소 캡슐 - 비건, GMO 프리, 글루텐 프리",49.99,https://m.media-amazon.com/images/I/91w5qx+NDYL._AC_UL320_.jpg,,{}
"과일 및 채소 보충제 캡슐 - 고효능 데일리 웰니스 블렌드 - 필수 비타민, 항산화 물질 및 미네랄 함유 - 균형 잡힌 영양 및 최적의 건강 지원 (레드 & 그린)",24.95,https://m.media-amazon.com/images/I/71APLup-WTL._AC_UL320_.jpg,,{}
"Thermogenic 지방 버너 캡슐 - 여성 및 남성용 체중 감량 알약, 식욕 억제제, 신진 대사 부스터 - 녹차, 커피 추출물, 가르시니아 캄보지아 - 체중 감량을 위한 다이어트 알약 - 60캡슐",23.87,https://m.media-amazon.com/images/I/81sbvTZDyQL._AC_UL320_.jpg,,{}
"크랜베리 보충제 알약 25,000mg - 여성 및 남성용, 고효능 비타민 C 크랜베리, 요로 건강 지원, 무설탕, 글루텐 프리, GMO 프리, 크랜베리 농축 추출물 - 120캡슐",9.82,https://m.media-amazon.com/images/I/71P-euEuFOL._AC_UL320_.jpg,,{}
"VH Nutrition Eatmor | 식욕 부스터 | 여성 및 남성용 체중 증가 알약 | 용담, 생강, 알팔파가 있는 여성을 위한 디자인 | 삼키기 쉬운 캡슐 120개",23.95,https://m.media-amazon.com/images/I/71XntO8YUnL._AC_UL320_.jpg,,{}
"ALLMAX Nutrition 카페인 알약, 지속 에너지 및 운동 전 정신적 집중력, 빠른 흡수 및 비건, 200mg, 100정",7.49,https://m.media-amazon.com/images/I/71u5vO7slWL._AC_UL320_.jpg,,{}
"HUM Flatter Me 여성 및 남성용 소화 효소, 생강 및 페퍼민트 잎이 함유된 소화 건강 팽만감 보충제, 빠르게 작용하는 팽만감 방지 알약 탈포용 멀티 효소, 비건, 60캡슐",25.99,https://m.media-amazon.com/images/I/71+nsmNV60L._AC_UL320_.jpg,,{}
"Nutricost 고효능 비타민 B 복합체 462mg, 120캡슐 - 비타민 C 포함 - 에너지 복합체",14.95,https://m.media-amazon.com/images/I/61aHiudQo3L._AC_UL320_.jpg,,{}
"Nutricost Methylfolate 1000mcg, 채식주의자 캡슐 120개 - 글루텐 프리, GMO 프리",12.95,https://m.media-amazon.com/images/I/61t9v1V8XyL._AC_UL320_.jpg,,{}
"Superior Labs - NAC (N-아세틸 시스테인) - 셀레늄 함유 식이 보충제 - 1,200mg, 식물성 캡슐 150개 - 활성 산소 보호 - 정상적인 면역 체계 기능 - 세포 건강 유지, 화이트, 라이트 브라운",21.95,https://m.media-amazon.com/images/I/51ZEt1OOvEL._AC_UL320_.jpg,,{}
"Nutricost 비타민 C 500mg, 240캡슐, 채식주의자, 글루텐 프리 및 GMO 프리",13.95,https://m.media-amazon.com/images/I/61hKioTyF2L._AC_UL320_.jpg,,{}
"여성 및 남성용 녹차 체중 감량 알약 | 45% EGCG | 위 지방 버너, 신진 대사 부스터 및 식욕 억제제 | 녹차 지방 연소 다이어트 알약 | 비건 체중 감량 보충제 | 120개입",31.45,https://m.media-amazon.com/images/I/41-qMziMVvL._AC_UL320_.jpg,,{}
"미립자 크레아틴 모노하이드레이트 캡슐, 근육, 근력, 성능, 에너지, 회복, 글루텐 프리 크레아틴, 여성 및 남성용 크레아틴 보충제, 200캡슐 (40회분)",31.72,https://m.media-amazon.com/images/I/71bbqos1eiL._AC_UL320_.jpg,,{}
사프란 추출물 캡슐 - 프리미엄 사프란 보충제 - 88.50mg 순수 사프란 알약 - 기분에 도움 - 눈에 도움 - 미국 제조 - 60캡슐,14.99,https://m.media-amazon.com/images/I/61gZDNdHl7L._AC_UL320_.jpg,,{}
"Codeage 과일 및 채소 5회 분량, 1개의 싱글 캡슐에 동등한 과일 및 채소 15가지 인스턴트 푸드, 올인원 알약에 채소 및 과일 포함, 채소 섭취 - 비건 비타민 보충제 - GMO 프리 - 30개입",29.99,https://m.media-amazon.com/images/I/61cWW1LcYYL._AC_UL320_.jpg,,{}
"레스베라트롤 600mg – 60캡슐 | 항산화 보충제 | GMO 프리, 글루텐 프리, 비건 | 건강 및 활력 지원 | 미국 제조",24.99,https://m.media-amazon.com/images/I/71ggdNAkjAL._AC_UL320_.jpg,,{}
"Potent 애플 사이다 식초 캡슐 - ACV 알약 소화 건강을 위한 영양 보충제, 천연 클렌징 및 사이즈 감소 포뮬러, 여성 및 남성용 목표 달성을 돕기 위해 디자인",9.99,https://m.media-amazon.com/images/I/71C44HXdszL._AC_UL320_.jpg,,{}
EVL 체중 감량 지원 알약 - 프리미엄 다용도 식욕 대사 및 지방 감소 지원 남성 및 여성용 - 그린 커피 콩 추출물 CLA 및 가르시니아 캄보지아 함유 LeanMode - 50회 분량,24.70,https://m.media-amazon.com/images/I/61esHT812JL._AC_UL320_.jpg,,{}
"TheraTears 오메가 3 아이 케어용 보충제, 1200mg 피쉬 오일 및 유기농 아마씨 오일, 비타민 E 함유, 180개",21.98,https://m.media-amazon.com/images/I/61kja0dwoCL._AC_UL320_.jpg,,{}
"Rosabella 모링가 캡슐 - 순수 모링가 파우더, 에너지, 피부, 면역 및 장 건강 슈퍼푸드, 풍부한 항산화 물질, 필수 비타민 및 아미노산, 천연 그린 슈퍼푸드 보충제 - 120개",44.99,https://m.media-amazon.com/images/I/71FtnsKg+CL._AC_UL320_.jpg,,{}
"Nature's Bounty Tonalin 알약 및 식이 보충제, 식단 및 신체 지원, 1000mg, 빠른 방출 소프트젤 50개",11.08,https://m.media-amazon.com/images/I/713YG-DcpHL._AC_UL320_.jpg,,{}
"Nature's Bounty 루테인 알약, 눈 건강 보충제 및 비타민, 시력 건강 지원, 20mg, 소프트젤 40개",12.10,https://m.media-amazon.com/images/I/71seuBXXDVL._AC_UL320_.jpg,,{}
Triple Strength 오메가 3 피쉬 오일 3600mg | EPA 및 DHA | 2100mg 이상의 오메가-3 지방산 | 1300mg EPA + 860mg DHA | 최고의 필수 지방산 | 프리미엄 야생 포획 및 트림없는 피쉬 오일 | 180개입,44.95,https://m.media-amazon.com/images/I/71q0LNot+xL._AC_UL320_.jpg,,{}
"alli 체중 감량 다이어트 알약, Orlistat 60mg 캡슐, 비처방 체중 감량 보조제, 120개 리필 팩",69.97,https://m.media-amazon.com/images/I/61zR-jThAqL._AC_UL320_.jpg,,{}
"유기농 실론 시나몬 보충제 1800mg - 인증된 유기농 실론 시나몬 파우더 알약 - 여성 및 남성용 에너지 및 심장 지원, 미국 병, 항산화 물질, 글루텐 프리, GMO 프리 - 240캡슐",21.82,https://m.media-amazon.com/images/I/71UpWv2z+DL._AC_UL320_.jpg,,{}
Evlution Pure 크레아틴 모노하이드레이트 캡슐 1000mg 영양 운동 전후 회복 비건 크레아틴 알약 증가 및 근육 회복 보충제 - 남성용 근육 빌더,15.38,https://m.media-amazon.com/images/I/61FfthuA5aL._AC_UL320_.jpg,,{}
"Nutricost 미립자 크레아틴 모노하이드레이트 3,000mg 500캡슐, 125회분, 캡슐 당 크레아틴 모노하이드레이트 750mg",32.95,https://m.media-amazon.com/images/I/61zsjIMkZUL._AC_UL320_.jpg,,{}
"HUM Flatter Me 엑스트라 스트렝스 소화 효소, 여성, 남성용, 소화 장 팽만감, 생강, 페퍼민트 잎, 빠른 작용 팽창 방지 알약 탈포용 멀티 효소, 60캡슐",32.99,https://m.media-amazon.com/images/I/712wuiDMPiL._AC_UL320_.jpg,,{}
"Luma Nutrition 마그네슘 글리시네이트 1000mg - 스트레스, 수면, 신경 및 근육 건강 지원 - 500mg 순수 마그네슘 보충제 캡슐 - 높은 흡수를 위한 킬레이트 - 식물성 캡슐 60개",19.99,https://m.media-amazon.com/images/I/61XjS25kelL._AC_UL320_.jpg,,{}
녹차 추출물 캡슐 1000mg 98% 표준화 EGCG - 자연 에너지를 위한 3배 강도 - 폴리페놀로 심장 지원 - 부드러운 카페인 - 240캡슐,17.52,https://m.media-amazon.com/images/I/61CI7TsRlSL._AC_UL320_.jpg,,{}
"오메가-3 야생 알래스카 피쉬 오일 (캡슐 당 1250mg) 트리글리세라이드 EPA & DHA | 심장, 뇌 & 관절 지원 | IFOS 5성급 인증, 비 GMO & 글루텐 프리",27.95,https://m.media-amazon.com/images/I/61dWe19AxkL._AC_UL320_.jpg,,{}
"모링가 캡슐 1200mg - 순수 모링가 파우더 올레이페라 잎 슈퍼푸드, 항산화제, 피부 건강 및 면역 지원, 천연 그린 슈퍼푸드, 비건 GMO 프리 90캡슐",24.97,https://m.media-amazon.com/images/I/81425LZJCWL._AC_UL320_.jpg,,{}
Arazo Nutrition | 오메가 3 피쉬 오일 2250 mg | 높은 EPA 1200 MG + DHA 900 MG 삼중 강화 벌프리스 | 120알,28.95,https://m.media-amazon.com/images/I/71zZLZt5y+L._AC_UL320_.jpg,,{}
"HUM Flatter Me 소화 효소 플러스 프리바이오틱스 및 프로바이오틱스, 여성 및 남성용 소화 건강 팽만감 보충제, 빠른 작용 팽창 방지 알약 탈포용 멀티 효소, 비건, 60캡슐",25.99,https://m.media-amazon.com/images/I/71JGXPNi+NL._AC_UL320_.jpg,,{}
"녹차 추출물 캡슐 1000mg - 표준화된 45% EGCG 및 98% 폴리페놀 - 자연 에너지를 위한 3배 강도 녹차 알약 - 심장 건강, 허브 보충제, 비건, GMO 프리 - 240캡슐",11.82,https://m.media-amazon.com/images/I/61ND7hB4zlL._AC_UL320_.jpg,,{}
"D-Mannose 보충제 1,350mg 크랜베리 및 히비스커스 함유 - 효과적인 빠른 작용, 천연 방광의 불순물 제거, 요로 건강 지원, 여성 및 남성용, GMO 프리, 비건, 180캡슐",23.62,https://m.media-amazon.com/images/I/61m5NTvseGL._AC_UL320_.jpg,,{}
"CoQ10(최대 함량 400mg, 식물성 캡슐 100개) - 높은 흡수 코엔자임 Q10 파우더 - 유비퀴논 보충제 알약, 추가 항산화 CO Q-10 효소 비타민 정제, 건강한 혈압을 위한 COQ 10",29.99,https://m.media-amazon.com/images/I/81NoMgG4LnL._AC_UL320_.jpg,,{}
"Optimum Nutrition 미립자 크레아틴 모노하이드레이트 캡슐, 케토 친화적, 2500mg, 300 캡슐(포장은 다를 수 있음)",,https://m.media-amazon.com/images/I/71+tNCI-kiL._AC_UL320_.jpg,,{}
"HUM Private Party 여성용 질 프로바이오틱스, pH 균형 및 요로 지원 질 프로바이오틱 보충제, 크랜베리 및 락토바실러스 블렌드 함유, 여성용 건강 크랜베리 알약, 30캡슐",25.99,https://m.media-amazon.com/images/I/71ydCzzFdDL._AC_UL320_.jpg,,{}
"비타민 D 함유 칼슘 보충제 - 탄산칼슘 1200mg D3 비타민 1600IU 함유 - 뼈 강도, 치아 및 면역 체계 지원 - 여성 및 남성용 천연 및 쉽게 흡수 가능 - 240정",15.82,https://m.media-amazon.com/images/I/61Ov-kt41AL._AC_UL320_.jpg,,{}
"수면 중에 분쇄하는 야간 지방 버너 | 복부 지방 버너, 탄수화물 차단제 및 체중 감량 지원 보충제 | 체중 감량, 신진 대사 지원 및 빠른 수면 | 야간 다이어트 알약 120개",29.95,https://m.media-amazon.com/images/I/71rncSOdYiL._AC_UL320_.jpg,,{}
"크레아틴 알약, 5g 3X 순수 크레아틴 모노하이드레이트, 운동 전 벌크 근육 질량 증가, 높은 흡수력, 섭취하기 쉬운 ThreeAtine 3가지 유형 마른 성장을 위한 최적의 성능, 90정",24.98,https://m.media-amazon.com/images/I/51Iva+WaYjL._AC_UL320_.jpg,,{}
"Zhou 알리신이 함유된 마늘 - 마늘 보충제, 남성 및 여성용 무취 마늘 추출물 알약, 면역 및 심장 건강을 위한 태블릿 당 5000mcg 알리신 - 코팅 태블릿 90정 (1팩)",19.99,https://m.media-amazon.com/images/I/614Dp7z7CTL._AC_UL320_.jpg,,{}
"Carlyle 락타아제 효소 알약 9000 FCC | 180정 | 빠르게 작용하는 유제품 완화 보충제 | 최대 강도 지원 | GMO 프리, 글루텐 프리",16.49,https://m.media-amazon.com/images/I/71P5OdhcyKL._AC_UL320_.jpg,,{}
"Crazy Muscle 크레아틴 모노하이드레이트 알약, 프리미엄 3가지 타입 5g 크레아틴 알약, 운동 전후 및 케토 에너지 빌더, 최적의 성능을 위한 3가지 아틴 섭취가 쉬운 남성 여성, 180정",48.99,https://m.media-amazon.com/images/I/51XD0OWLbSL._AC_UL320_.jpg,,{}
"마그네슘 보충제(구연산염 산화물) 최고의 흡수를 위한 1000mg, 뼈, 심장 건강, 신경, 근육 및 신진 대사 지원, Nature's Pure 마그네시오 비타민 알약, 미국 병, 240 캡슐",14.82,https://m.media-amazon.com/images/I/61Yfub4yZzL._AC_UL320_.jpg,,{}
"울트라 크레아틴 알약 | L-아르기닌, L 시트룰린, 인삼으로 강화된 크레아틴 모노하이드레이트 캡슐 | 체력, 에너지 및 근육 성장 지원 | 180캡슐",16.99,https://m.media-amazon.com/images/I/71vrIAC01+L._AC_UL320_.jpg,,{}
남성용 테스토스테론 부스터 보충제 - 천연 에너지 향상 성장 빌더 성능 향상제 - 근육 형성 체육관 운동 스포츠 영양 및 리비도 향상 빠른 작용 알약 남성용,17.99,https://m.media-amazon.com/images/I/71VNPqVC4OL._AC_UL320_.jpg,,{}
"Natures Nutrition 강황 커큐민 바이오페린 95% 커큐미노이드 1950mg 함유, 흡수를 돕는 흑후추 함유, 미국에서 제조, 최고의 비건 관절 영양제, Natures Nutrition 강황 영양제",26.82,https://m.media-amazon.com/images/I/71cVXOyTAgL._AC_UL320_.jpg,,{}
"크레아틴 HCl 캡슐 | 근육, 인지, 세포 에너지 지원 | 팽만감이나 경련 없음 | 미국 제조 및 NSF 인증 | 크레아틴 알약 (90개)",29.99,https://m.media-amazon.com/images/I/61zSLQrY75L._AC_UL320_.jpg,,{}
애플 사이다 식초 캡슐 플러스 케토 BHB | 여성 및 남성용 지방 연소 및 체중 감량 보충제 | 식욕 억제제,21.99,https://m.media-amazon.com/images/I/71DmvmTyLlL._AC_UL320_.jpg,,{}
"Gain | 식욕 부스터, 근육 성장, 체중 증가 및 소화 지원 알약 남성과 여성이 더 많이 먹을 수 있는 | 크레아틴 및 천연 허브 보충제 120캡슐",25.99,https://m.media-amazon.com/images/I/61qjRKvLlyL._AC_UL320_.jpg,,{}
aSquared Nutrition 베르베린 실론 시나몬 보충제 - 1400mg 최대 강도 복합체 - 120 캡슐 - 1200mg HCl 파우더 추출물 플러스 알약 - 젤리 및 드롭의 대체,27.75,https://m.media-amazon.com/images/I/71bAhZ4XmDL._AC_UL320_.jpg,,{}
"aSquared Nutrition 레스베라트롤 함유 니코틴아미드 - 식물성 캡슐 120개 - 비타민 B3 500mg (나이아신아미드 플러시 프리) - NAD, 피부 세포 건강 및 에너지를 지원하는 보충제 알약",29.95,https://m.media-amazon.com/images/I/81pDJ5sEczL._AC_UL320_.jpg,,{}
"EVL 체중 감량 지원 스택 - Trans4orm 열발생 지방 연소 및 신진 대사 지원 알약, 그린 커피 콩 추출물 및 포스콜린 플러스 LeanMode 비자극제 포함",44.99,https://m.media-amazon.com/images/I/61uB-+Cl13L._AC_UL320_.jpg,,{}
"Nobi Nutrition 체중 감량을 위한 녹차 지방 버너 젤리 | 신진 대사 부스트 및 식욕 억제제, 그린 커피 빈과 가르시니아 캄보지아 함유 | 여성 및 남성용 배 지방을 태우는 알약",19.95,https://m.media-amazon.com/images/I/71pxTplJiQL._AC_UL320_.jpg,,{}
"Six Star 남성 및 여성용 산화질소 보충제, 근육 빌더 (60개) - 산화질소 부스터 알약 근육 펌프 운동 전 보충제 - 근육 형성, 근력 및 에너지를 위한 스포츠 영양",9.99,https://m.media-amazon.com/images/I/71XXqetyDqL._AC_UL320_.jpg,,{}
"EFX Sports Kre-Alkalyn EFX | pH 올바른 크레아틴 모노하이드레이트 알약 보충제 | 강도, 근육 성장 및 성능 | 120회분, 240캡슐",38.99,https://m.media-amazon.com/images/I/71LZxstiGSL._AC_UL320_.jpg,,{}
"Nutricost 카페인 알약, 1회 제공량당 200mg (500캡슐)",17.95,https://m.media-amazon.com/images/I/61Xw-qHKvxL._AC_UL320_.jpg,,{}
"NutraBio 순수 미립자 크레아틴 모노하이드레이트 캡슐, 크레아틴 알약, 대량 근육 에너지, 회복 및 근력 지원 - 케토 친화적, 코셔, 남성 및 여성용 크레아틴 영양 보충제",24.99,https://m.media-amazon.com/images/I/61Qq3zPBc0L._AC_UL320_.jpg,,{}
베르베린 보충제 - 베르베린 1회 제공량 당 1200mg - 베르베린 HCI - 베르베린 플러스 - 혈당 지원 보충제 - 베르베린 캡슐 60개,29.99,https://m.media-amazon.com/images/I/61rSqwaJWML._AC_UL320_.jpg,,{}
"마그네슘 글리시네이트 500mg - 울트라 흡수를 위한 킬레이트 - 뼈, 근육, 신경 및 심장 건강 지원, 자연의 수면 지원, 전신 지원을 위한 최고의 마그네슘 보충제 알약 - 120정",12.92,https://m.media-amazon.com/images/I/719yVishRWL._AC_UL320_.jpg,,{}
"SaltStick 비타민 D 함유 전해질 캡슐 - 200개 - 스포츠 영양, 러닝 보충제, 전해질 알약 - 200개",44.99,https://m.media-amazon.com/images/I/61zhfPFBkQL._AC_UL320_.jpg,,{}
"여성용 지방 버너 | 복부 지방을 위한 체중 감량 알약 | 라즈베리 케톤 | 식욕 억제제, 신진 대사 부스터 및 팽만감 완화 | 다이어트 알약, 체중 감량 보충제 | 120 캡슐",30.35,https://m.media-amazon.com/images/I/71IxmBBIW1L._AC_UL320_.jpg,,{}
"100% 순수 가르시니아 캄보지아 추출물 - 120캡슐, 초고강도 HCA, 천연 체중 감량 다이어트 알약 XT, 최고의 익스트림 지방 버너 슬림 & 디톡스 맥스, 남성 및 여성용 프리미엄 차단제, 미국 제조",24.99,https://m.media-amazon.com/images/I/81A0VMAiaDL._AC_UL320_.jpg,,{}
"Horbäach 크레아틴 모노하이드레이트 | 5g | 225캡슐 | GMO 프리, 글루텐 프리 보충제",17.99,https://m.media-amazon.com/images/I/61rpQU3V3-L._AC_UL320_.jpg,,{}
"여성용 체중 감량 알약 - Rockstar 스키니 걸 열 발생 지방 버너, 빠른 작용 식욕 억제제 및 신진 대사 부스터, 최대 강도, 케토 친화적",29.95,https://m.media-amazon.com/images/I/613EgCfv3IL._AC_UL320_.jpg,,{}
"Arazo Nutrition Liver Cleanse 디톡스 & 리페어 포뮬러 - 밀크 씨슬 허브 서포트 보충제: 실리마린, 비트, 아티초크, 민들레, 치커리 뿌리",20.95,https://m.media-amazon.com/images/I/71ubXRgKWwL._AC_UL320_.jpg,,{}
"BCAA 태블릿 1000mg - 근육 회복 및 에너지를 위한 분지쇄 아미노산 보충제 - 운동 전 또는 후 BCAA 남성 및 여성용 - 120정 - 천연, 순수, GMO 프리",26.99,https://m.media-amazon.com/images/I/7134qR4PTuL._AC_UL320_.jpg,,{}
Toplux Keto Burn Pills 케토시스 체중 감량 - 1200 Mg 울트라 어드밴스드 천연 케토제닉 지방 버너 케톤 다이어트 사용 남성 여성용 60 캡슐 보충제,21.97,https://m.media-amazon.com/images/I/71dKfen+wvL._AC_UL320_.jpg,,{}
"애플 사이다 식초 알약, 프리바이오틱, 2개월 분량 - 애플 사이다 식초 캡슐 - 애플 사이다 식초 보충제, 애플 식초 태블릿 - 여성 및 남성용 에너지 및 장 건강 지원 1500mg",13.90,https://m.media-amazon.com/images/I/71en3ZW9OYL._AC_UL320_.jpg,,{}
"alli 다이어트 체중 감량 보충제 알약 스타터 팩, 60개, 1, 1",47.88,https://m.media-amazon.com/images/I/61U3B9-omZL._AC_UL320_.jpg,,{}
"VH Nutrition | FoodBoost MAX | 1300mg 식욕 자극제* 체중 증가 알약* 남성 및 여성용 | 용담, 강황, 회향으로 제조 | 120캡슐",21.95,https://m.media-amazon.com/images/I/61wO0qMlcdL._AC_UL320_.jpg,,{}
"aSquared Nutrition EGCG 함유 녹차 추출물 - 캡슐 180정 - 캡슐 당 500mg - 75% 폴리페놀, 45% EGCG - 항산화 지원, 심장 건강, 천연 해독 - 저카페인 보충제",24.99,https://m.media-amazon.com/images/I/81FRR0muOcL._AC_UL320_.jpg,,{}
"Desire 여성용 리비도 부스터 - #1 등급 여성용 여성 향상 알약 - 열정, 흥분 증가 및 민감도 증가 - 스트레스 완화, 건조 감소 및 에너지 향상(1팩)",21.99,https://m.media-amazon.com/images/I/71gVAYhUipL._AC_UL320_.jpg,,{}
"Animal Daily Greens 알약 팩 - 케일, 밀 잔디, 알팔파 등 - 우수한 소화, 장 건강 및 면역력을 위한 편리한 프리바이오틱 및 프로바이오틱 슈퍼푸드 블렌드 남성 및 여성용 - 30일 분량",33.94,https://m.media-amazon.com/images/I/61KZlRB0ugL._AC_UL320_.jpg,,{}
"Tahoe Nutritionals 프리바이오틱, 프로바이오틱 및 포스트바이오틱스 | 250억 CFU | 파우더 알약 50개 | 남성 및 여성용 소화 건강 | 채식주의자 및 GMO 프리 보충제",7.99,https://m.media-amazon.com/images/I/61u9z+Dz7ML._AC_UL320_.jpg,,{}
"NAD 보충제 8,457mg 엑스트라 스트렝스 리포솜, 녹차 + 아스타잔틴, 여성 및 남성용, 레스베라트롤, CoQ10, 알파 리포산",39.97,https://m.media-amazon.com/images/I/810ezmyxsrL._AC_UL320_.jpg,,{}
"Supreme Nutrition Takesumi Supreme, 순수 활성 대나무 숯 채식주의자 캡슐 90개",,https://m.media-amazon.com/images/I/61aGKQPfFrL._AC_UL320_.jpg,,{}
캡슐 – 규칙성을 위한 고섬유 보충제 - 캡슐당 48% 더 많은 섬유 - 용해성 및 불용성 섬유 혼합 - 삼키기 쉬운 코팅 캡슐 - 150개입,13.99,https://m.media-amazon.com/images/I/81PtIHD2o3L._AC_UL320_.jpg,,{}
"100% 천연 레스베라트롤 - 1회 제공량당 1000mg 최대 강도 (180캡슐) 항산화 보충제, 심장 건강 및 순수함을 위한 트랜스 레스베라트롤 알약, 폴리페놀",29.95,https://m.media-amazon.com/images/I/81GIVsLwoeL._AC_UL320_.jpg,,{}
"Carlyle 글루코사민 콘드로이틴 MSM | 미니 태블릿 250정 | 강황이 함유된 고급 포뮬러 | GMO 프리, 글루텐 프리",9.99,https://m.media-amazon.com/images/I/71KAdANMcpL._AC_UL320_.jpg,,{}
"NOW Foods Sports Nutrition, 크레아틴 모노하이드레이트 750mg, 대량 건물*/에너지 생산*, 식물성 캡슐 240정",20.30,https://m.media-amazon.com/images/I/71Pgys79hlL._AC_UL320_.jpg,,{}
NMNH Supplement Alternative – Liposomal NAD + Resveratrol – 30-Day Supply – High Purity NAD Supplement for Energy & Healthy Aging – 60 Capsules,37.99,https://m.media-amazon.com/images/I/71k+EDEsWuL._AC_UL320_.jpg,,{}
"MuscleMeds Feast Mode 식욕 자극제 체중 증가 알약 소화 효소 안전하고 효과적인 90캡슐, 무향, 90개",22.74,https://m.media-amazon.com/images/I/71paFDXlv2L._AC_UL320_.jpg,,{}
최고의 트리플 스트렝스 오메가 3 피쉬 오일 알약 - 180캡슐 - 2400mg 고효능 트림리스 레몬 맛 864mg EPA 576mg DHA 울트라 퓨어 리퀴드 소프트젤 뇌 관절용 눈 심장 건강 보충제,26.95,https://m.media-amazon.com/images/I/71sxoUp-UvL._AC_UL320_.jpg,,{}
"오메가3 피쉬 오일 보충제, 3600mg, 180 캡슐, EPA 1296mg, DHA 864mg, 관절 통증, 면역 지원용 버프리스 피쉬 오일, 건강한 피부, 심장, 눈, 뇌를 위한 고농축 보충제",29.95,https://m.media-amazon.com/images/I/71hnL6FTuiL._AC_UL320_.jpg,,{}
"야간 지방 버너 - 밤에 작용하는 마그네슘 멜라토닌 CLA L-카르니틴이 함유된 체중 감량 다이어트 알약, 식욕 억제제, 탄수화물 차단제, 야간 신진 대사 부스터 여성 및 남성용 60캡슐",24.98,https://m.media-amazon.com/images/I/81EjqIw--5L._AC_UL320_.jpg,,{}
"체중 감량 지원 및 수면 보조제를 위한 야간 지방 버너 | 식욕 억제제, 탄수화물 차단제, 위 지방 연소용 오버나이트 신진 대사 부스터 및 멜라토닌 함유 야간 분쇄기 | GMO 프리, 비건 60개입",12.99,https://m.media-amazon.com/images/I/71aKNWJyKzL._AC_UL320_.jpg,,{}
"콘드로이틴 강황 보충제가 함유된 글루코사민, 보스웰리아 & 브로멜린 함유 3중 강도 표준 2100mg - 관절 지지 & 편안함 - 240 캡슐",24.82,https://m.media-amazon.com/images/I/71zgvkfiVSL._AC_UL320_.jpg,,{}
Carlyle 루테인 및 제아잔틴 보충제 | 40mg | 소프트젤 180개 | 눈 알약 | 눈 건강 비타민 | Visi-Gold | GMO 프리 및 글루텐 프리,17.49,https://m.media-amazon.com/images/I/61+cJd54VQL._AC_UL320_.jpg,,{}
"크랜베리 젤리 50:1 크랜베리 추출물 - 25,000mg으로 만든 요로 지원, 클렌징 및 보호, 크랜 베리 젤리 보충제 + 비타민 C, 츄어블 크랜 알약 여성용 - 젤리 120개",20.52,https://m.media-amazon.com/images/I/81b7aEi3ctL._AC_UL320_.jpg,,{}
"미립자 크레아틴 모노하이드레이트 캡슐, 케토 친화적, 5000mg, 180캡슐, 크레아틴 모노하이드레이트 알약 타사 테스트 완료, 미국에서 제조, GMO 프리, 글루텐 프리, 비건 안전",19.99,https://m.media-amazon.com/images/I/71RdarI0IuL._AC_UL320_.jpg,,{}
Runner's Electrolytes - 지금 경련을 멈추세요 - 지구력 향상 및 근육 피로 정지 - 소금 전해질 알약 - 수분 공급 향상 - 달리는 동안 잃어버린 정확한 전해질 보충 - 100캡슐,20.99,https://m.media-amazon.com/images/I/7187Ve+AAxL._AC_UL320_.jpg,,{}
"DIM 보충제 400MG 엑스트라 스트렝스 | 남성 및 여성용 호르몬 균형 | 폐경기, 여드름, 안면 홍조 완화, 전립선 지원 및 항산화 지원 | 콩 프리, 글루텐 프리 | SMNutrition | 90개입",32.95,https://m.media-amazon.com/images/I/71WdkQQtMvL._AC_UL320_.jpg,,{}
"Keto Boost 다이어트 알약 케토시스 보충제 - 천연 외인성 케토 포뮬라, 에너지 및 집중력 지원, 케토제닉 다이어트를 위한 고급 케톤, 남성 여성용",29.97,https://m.media-amazon.com/images/I/81pt2e3aCQL._AC_UL320_.jpg,,{}
"aSquared Nutrition 포스콜린 500mg 최대 강도 - 180 캡슐, 순수 체중 감량 연료를 위한 포스콜린 보충제, Coleus Forskohlii 뿌리 - 포스콜린 다이어트 알약, 벨리 버스터 지방 버너 2X 슬림 트림 손실",29.95,https://m.media-amazon.com/images/I/8122U8p5biL._AC_UL320_.jpg,,{}
BCAAs 남성용 아미노산 보충제 - EVL 2:1:1 5g 운동 후 회복을 위한 BCAA 캡슐 및 남성용 린 근육 빌더 - BCAA5000 분지쇄 아미노산 영양 보충제 - 30회 분량,18.99,https://m.media-amazon.com/images/I/61TiFxPO3KL._AC_UL320_.jpg,,{}
"Pure Nutrition 울트라 칼슘 1000mg VIT D3 + K2 포함 | 90 탭 | 구연산 칼슘, 말레이트, VIT D3, K2, 모링가 올레이페라, 마그네슘 및 아연이 함유된 흡수성이 뛰어난 칼슘 보충제",19.99,https://m.media-amazon.com/images/I/616DUj1WxjL._AC_UL320_.jpg,,{}
"Ashwagandha, GABA, 마그네슘, 5-HTP, L-테아닌 및 비타민 B로 자연스러운 진정, 긴장을 풀고 긴장을 풀어주는 지원, 자연스러운 집중력, 에너지 및 면역 지원 - Nature's GMO 프리, 비건, 글루텐 프리 - 120캡슐",15.62,https://m.media-amazon.com/images/I/711pzMeZomL._AC_UL320_.jpg,,{}
"Nutrition - Kimchi One, 김치 파우더 캡슐, 프로바이오틱스, 효소 및 항산화 보충제, 전반적인 건강을 위한 프리미엄 장 건강 슈퍼푸드, 글루텐 프리, 비건 캡슐 90개",64.95,https://m.media-amazon.com/images/I/61joaM-pV8L._AC_UL320_.jpg,,{}
Heliocare 스킨 케어 식이 보충제: 240mg 폴리포듐 류코토모스 추출물 알약 - 펀블록 및 PLE 기술이 적용된 항산화 성분이 풍부한 포뮬러 - 식물성 캡슐 60개,26.99,https://m.media-amazon.com/images/I/81EjcnsWuXS._AC_UL320_.jpg,,{}
"VH Nutrition ESTROLIBRIUM | 여성용 호르몬 균형* | 폐경기 지원 보충제* | 블랙 코호시, 샤타바리, 체스트 트리 베리 (비텍스), 동콰이 | 삼키기 쉬운 알약 60캡슐",27.95,https://m.media-amazon.com/images/I/71fBeZSObyL._AC_UL320_.jpg,,{}
"aSquared Nutrition 천연 그린 커피콩 포뮬러-180 캡슐-순수 체중 감량을 위한 최대 강도 GCA 항산화 클렌징, 알약 당 800mg, 클로로겐산 - 1600mg 일일 보충제, 건강한 지방 버너",24.99,https://m.media-amazon.com/images/I/81eX9UTNMIL._AC_UL320_.jpg,,{}
"eFlow 크레아틴 캡슐, HCL 크레아틴 알약 - 남성 및 여성용 크레아틴 보충제, 근육 빌더, 지구력, 근력, 아스트라진 및 Senactiv 포함 (1500mg, 90캡슐)",39.99,https://m.media-amazon.com/images/I/61psySfhSsL._AC_UL320_.jpg,,{}
"aSquared Nutrition 마그네슘 구연산염 833mg 보충제 - 200 캡슐 - 근육, 심장 및 뼈의 순수 기능을 지원하는 Max Strength 비건 Mag 구연산염 파우더 알약 - 에너지 증가에 도움",29.95,https://m.media-amazon.com/images/I/912m0Bezs-L._AC_UL320_.jpg,,{}
프로바이오틱스가 함유된 소화 효소 - 멀티 효소 영양 보충제 - 애시도필루스 브로멜라인 파파야 파파인 리파아제 및 락타아제 - 소화 개선 - 120 알약 - Arazo Nutrition,17.95,https://m.media-amazon.com/images/I/71h6s-lveqL._AC_UL320_.jpg,,{}
"아스타잔틴 1회 제공량당 24mg, 소프트젤 120개 - 이중 강도 미세조류 - 천연 태닝 알약 - 피부, 눈, 관절 및 면역 지원을 위한 항산화 보충제 - GMO 프리",23.99,https://m.media-amazon.com/images/I/61uHp8UA2tL._AC_UL320_.jpg,,{}
"21,800mg 남성용 테스토스테론 부스터 8X 강도 w. Ashwagandha, Tongkat Ali, Pycnogenol, Tribulus - 남성용 토탈 T 테스토스테론 보충제 남성 강화 리비도 테스트 부스터 + 근육 빌더 알약",29.95,https://m.media-amazon.com/images/I/711b21vlftL._AC_UL320_.jpg,,{}
"Water Pills 이뇨제 수분 유지, 간 해독, 신장 클렌징, 체중, 붓기, 부종, 팽만감 완화, 유체 균형 유역 최대 강도 (1)",35.97,https://m.media-amazon.com/images/I/71qXX66m+hL._AC_UL320_.jpg,,{}
"Maju Superfoods 유기농 레드 마카 뿌리 캡슐 120개입 - 여성용 포커스 커브 향상 영양 부스터 알약, 허벅지 증가, 알약 보충제 파우더",22.99,https://m.media-amazon.com/images/I/71bihGA1UEL._AC_UL320_.jpg,,{}
"VALI Electrolyte Salts Rapid Oral ReHydration 교체용 알약. 하이드레이션 영양 파우더 보충제, 회복 및 완화. 유체 건강 필수품. 케토 소금 미네랄 정제. 식물성 캡슐 120개",22.99,https://m.media-amazon.com/images/I/61bOfXtSEaL._AC_UL320_.jpg,,{}
"Sports Research® 오메가-3 크릴 오일 500mg 미니 젤 - 순수 남극 Superba® 크릴 콜린, 인지질 및 아스타잔틴 포함 - MSC 인증 지속 가능 · GMO 프리 · 글루텐 프리 - 120개입",28.76,https://m.media-amazon.com/images/I/51x2qX5lZ2L._AC_UL320_.jpg,,{}
"APS Nutrition Hydromax, 180 태블릿",29.95,https://m.media-amazon.com/images/I/615FEcLsurL._AC_UL320_.jpg,,{}
"aSquared Nutrition Rhodiola Rosea 보충제 1000mg - 비건 캡슐 180개 - 최대 강도 로디올라 뿌리 추출물 알약, 순수 에너지, 뇌 기능 및 스트레스 완화 개선 - 골든 루트 허브 파우더 태블릿",27.95,https://m.media-amazon.com/images/I/81dA38SIHkL._AC_UL320_.jpg,,{}
"남성용 테스토스테론 부스터 울트라 스트렝스 (타사 테스트 완료) 마카, 호색한 염소 위드, 통캇 알리, 트리뷸러스 - 남성용 프리미엄 테스토스테론 보충제 남성 강화 리비도 테스트 부스터 - 빌더 알약",27.99,https://m.media-amazon.com/images/I/61ct7N9uDEL._AC_UL320_.jpg,,{}
"Zhou Nutrition 녹차 추출물 보충제 - 여성 및 남성용 녹차 및 ECGC, 깨끗한 카페인 에너지, 항산화 지원, 1회 제공량당 500mg - 비건 친화적 캡슐 120개",23.11,https://m.media-amazon.com/images/I/61etyyFGfwL._AC_UL320_.jpg,,{}
"VH Nutrition NONI 캡슐 | 700mg 모린다 시트리폴리아 추출물 알약 | 웰빙, 에너지 및 활력을 지원하는 천연 항산화 보충제 | 60캡슐",17.95,https://m.media-amazon.com/images/I/71cR-xi3g7L._AC_UL320_.jpg,,{}
"aSquared Nutrition 애플 사이다 식초 젤리 - 1500mg with The Mother - 90 ACV 젤리 비타민 B6 및 B12, 엽산 포함 - 캡슐 알약 및 음료의 비건 젤리 보충제 대체품",27.75,https://m.media-amazon.com/images/I/81UlyU6371S._AC_UL320_.jpg,,{}
"Clean Nutraceuticals 목초 사육 쇠고기 간 캡슐 - 건조된 쇠고기 심장, 비장, 췌장 및 뼈 및 골수 다오 효소 알약이 함유된 프리미엄 품질 보충제",29.95,https://m.media-amazon.com/images/I/71CUEFsPHoL._AC_UL320_.jpg,,{}
글루타티온 화이트닝 알약 - 다크 스팟 및 여드름 흉터 리무버 - 90000mg - 안티에이징 및 항산화 효과가 있는 비건 피부 표백 알약 - 120캡슐,23.99,https://m.media-amazon.com/images/I/71R1ROnF5iL._AC_UL320_.jpg,,{}
"애플 사이다 체중 감량을 위한 식초 젤리 1000mg - 해독 및 클렌징용 비건 사과 식초 젤리, ACV 보충제 알약, 비타민 B12, 무설탕 ACV 젤리, GMO 프리, Nature's Nutrition - 젤리 120개",16.02,https://m.media-amazon.com/images/I/71bId1QsZsL._AC_UL320_.jpg,,{}
"aSquared Nutrition 강황 커큐민 1300mg, 바이오페린 흑후추 추출물 보충제 포함 - 60캡슐 - 95% 커큐미노이드 함유 - 천연 토메릭 뿌리 파우더 관절 알약",17.95,https://m.media-amazon.com/images/I/819z22Y4o5L._AC_UL320_.jpg,,{}
"다상 전립선 보충제 캡슐 - 3병 - Larry King 탐사 TV 쇼에 추천 - 백만 개 이상 판매 - 야간 욕실 여행, 긴급, 잦은 배뇨 종료",99.98,https://m.media-amazon.com/images/I/71HCx0W16qL._AC_UL320_.jpg,,{}
"HUM 여성 및 남성용 데일리 클렌징 여드름 보충제, 깨끗한 피부 지원을 위한 부드러운 소화 클렌징, 아연, 스피루리나, 클로렐라, 해독 허브, 유기농 조류, 피부 비타민 보충제, 60캡슐",25.99,https://m.media-amazon.com/images/I/71oHolBqsIL._AC_UL320_.jpg,,{}
"aSquared Nutrition 밀크 씨슬 보충제 1000mg-200 캡슐, 최대 강도 4X 농축 추출물 4:1 밀크 씨슬 씨앗 파우더 허브 알약, 간 지원, 클렌징, 해독용 실리마린 추출물 1000mg",29.99,https://m.media-amazon.com/images/I/81I+NRwX4QL._AC_UL320_.jpg,,{}
Fresh Nutrition 유기농 영지 버섯 캡슐 - 알파 글루칸 풍부 - 영지 루시덤 및 영지 약제 - 타사 테스트 - 90캡슐/알약,19.97,https://m.media-amazon.com/images/I/71RsqPb9aDL._AC_UL320_.jpg,,{}
"기억력과 집중력을 위한 뇌 보충제 - 집중력, 주의력, 인지 지원을 위한 초강력 누트로픽 캡슐 - 포스파티딜세린, 뇌 건강 비타민 B6 C E 아연 - 120캡슐",16.82,https://m.media-amazon.com/images/I/61wfWWRNIbL._AC_UL320_.jpg,,{}
Complete 전해질 보충제 알약 높은 흡수력 | Cmax 염화칼륨 마그네슘 나트륨 칼슘 아연 | 지구력 근육 회복 정신적 집중력 향상 | 소금 전해질 태블릿 | 케토 친화적,17.99,https://m.media-amazon.com/images/I/61o5hhMPhlL._AC_UL320_.jpg,,{}
Arazo Nutrition 화이트 강낭콩 추출물 - 체중 지원을 위한 100% 순수 탄수화물 차단제 및 지방 흡수제 - 탄수화물 차단,15.95,https://m.media-amazon.com/images/I/71Zf8N2TQYL._AC_UL320_.jpg,,{}
DHT Blocker 모발 성장 보조제 - 모발 재성장을 위한 고효능 비오틴 & 쏘팔메토 - 여성 & 남성용 천연 탈모 트리트먼트 - 모낭 성장 촉진,21.99,https://m.media-amazon.com/images/I/81AdU3GUFYL._AC_UL320_.jpg,,{}
"Beverly International Lean Out 120 캡. 신진 대사 지원이 있는 지방 버너. 지방성 물질. 콜린, 카르니틴, 크롬. 자극제 없는 복부 지방 버너. 더 얇은 제품을 구입하십시오. AM & PM, 쌓을 수 있는 다이어트 알약을 사용하세요.",28.95,https://m.media-amazon.com/images/I/61HZhDVNWTL._AC_UL320_.jpg,,{}
aSquared Nutrition Tongkat Ali 1500mg - 120 캡슐 - 롱잭 (Eurycoma Longifolia) 추출물 보충제 및 롱 잭 뿌리 파우더 알약 - 통캇 알리 남성 및 여성용,27.75,https://m.media-amazon.com/images/I/819nN2kkK3L._AC_UL320_.jpg,,{}
장기간 완화를 위한 프로바이오틱 락토스 알약 - 유제품을 다시 즐기세요 - 유당 불내증 보충제 - 장에서 락타아제 효소 생성 - 자연적으로 유당 분해(7일 동안 복용 - 매월 반복),34.99,https://m.media-amazon.com/images/I/71H6oQGvMsL._AC_UL320_.jpg,,{}
"5% Nutrition Stage Ready 이뇨제 | 초강력 경쟁 이뇨제 | 빠른 체중 감소, 수분 유지 및 팽창 완화 | 민들레 뿌리, 면도기, 우바 우르시 포함 천연 포뮬러 (60알)",25.99,https://m.media-amazon.com/images/I/618IxNnLTDL._AC_UL320_.jpg,,{}
"Atlantis Nutrition 남성용 테스토스테론 부스터 젤리 - 남성 향상, 에너지 향상 및 신체 성능 최적화 트리불러스, 호색한 염소 위드, 쏘팔메토, 마카 뿌리 포함 - 젤리 60개",19.97,https://m.media-amazon.com/images/I/817f+XkxznL._AC_UL320_.jpg,,{}
"비트 뿌리 캡슐 1300mg - 엑스트라 스트렝스 레드 비트 뿌리 파우더 보충제 - 산화질소 생산, 심장 건강 및 자연 에너지 지원 - GMO 프리, 비건, 글루텐 프리 - 식물성 캡슐 120개",16.02,https://m.media-amazon.com/images/I/71c0BjZY8PL._AC_UL320_.jpg,,{}
글루타티온 화이트닝 알약 피부 미백 알약 - 피부 미백 포뮬러 - 비타민 C 함유 글루타티온 화이트닝 스킨 알약 - 피부 광택제 - 다크 스팟 리무버 - 미국 제조,35.88,https://m.media-amazon.com/images/I/71vD5z3kjzL._AC_UL320_.jpg,,{}
"남성 및 여성용 심장 보충제 1650mg - CoQ10, 호손, 식물 스테롤 및 기타 비타민이 함유된 심장 건강 지원을 위한 항산화 물질, 산화질소 및 에너지 생산, GMO 프리 - 60캡슐",13.62,https://m.media-amazon.com/images/I/71NGjt+PLuL._AC_UL320_.jpg,,{}
"THE ENCLARE NUTRITION D 만노스 캡슐 | 여성 및 남성용 크랜베리 알약 1000mg, 히비스커스 및 민들레. 빠르게 작용하는 요로 건강, 방광 조절, 간 지원, 신장 정화 및 해독",29.97,https://m.media-amazon.com/images/I/71dCo0tm0bL._AC_UL320_.jpg,,{}
BCAA 아미노산 캡슐 - 프리미엄 BCAAS 아미노산 보충제 - BCAA 알약 - BCAAS 아미노산 캡슐 - 분지쇄 아미노산 영양 보충제 - BCAA 캡슐 영양 6개월 분량,28.99,https://m.media-amazon.com/images/I/81+08rSGSdL._AC_UL320_.jpg,,{}
"IDEAL PERFORMANCE Arialief 좌골 신경통용 캡슐, 신경 건강을 위한 Arialief 영양 지원, Arialief 좌골 신경통 캡슐, Arialief Primepalm 보충제 알약, Aria LIEF 비타민 리뷰 (3팩)",32.95,https://m.media-amazon.com/images/I/71FO6Ka10zL._AC_UL320_.jpg,,{}
"Male Ai 남성용 빠른 지방 버너 | 체중 감량을 위한 GLP-1 통로 기능 지원 | 식욕 억제제, 에너지 부스터, 다이어트 알약 | 타사 테스트 포뮬러 - 60캡슐",39.99,https://m.media-amazon.com/images/I/71KkK6cVEtL._AC_UL320_.jpg,,{}
"수술 및 부상 회복 보충제(수술 후): 치유 최적화 지원 - 수술, 상처, 통증 완화, 흉터 치료 및 타박상용, 아미노산, 비타민, 프로바이오틱스 함유 - 100 캡슐",79.95,https://m.media-amazon.com/images/I/71xwYgmjAbL._AC_UL320_.jpg,,{}
"ELMNT 2150mg 슈퍼 리포솜 글루타티온 보충제, 비타민 C, 케르세틴 및 순수 L 글루타티온 2000mg 트리플 액션 포뮬러 글루타티온 리포솜 보충제 인지질 층 포함 - 90 알약, GMO 프리",28.95,https://m.media-amazon.com/images/I/71wXcF6VD2L._AC_UL320_.jpg,,{}
"Sports Research 카페인 및 코코넛 MCT 오일이 함유된 L-테아닌 보충제 - 졸음 없는 집중된 에너지, 경고 및 휴식 - 200mg L 테아닌, 100mg 유기농 카페인 - 액체 소프트젤 60개",22.95,https://m.media-amazon.com/images/I/51cvjU-M2QL._AC_UL320_.jpg,,{}
"오메가 3 피쉬 오일 2400mg - 심장, 뇌 및 관절 지원을 위한 트리플 스트렝스 EPA 및 DHA 지방산 - 야생, 트림 없음, 레몬 맛 보충제 - 천연, GMO 프리, 글루텐 프리 - 소프트젤 180개",22.82,https://m.media-amazon.com/images/I/61MWsJceqpL._AC_UL320_.jpg,,{}
"신장 성장 증가 비타민 젤리, 칼슘 100mg, 마그네슘 글리시네이트 30mg, 아연, 아슈와간다, 비타민 K2 D3 25mg 성장 톨 맥시마이저 보충제, 어린이, 청소년 남아 및 소녀, 성인용 종합 비타민",40.99,https://m.media-amazon.com/images/I/810+g27tPnL._AC_UL320_.jpg,,{}
aSquared Nutrition 레드 와인 추출물이 함유된 천연 레스베라트롤 - 180 캡슐 - 순수 심장 건강을 위한 트랜스 레스베라트롤 항산화 보충제 알약 - 엑스트라 스트렝스 트랜스-레스베라트롤,34.95,https://m.media-amazon.com/images/I/816g1zVVo0L._AC_UL320_.jpg,,{}
"aSquared Nutrition 사프란 보충제 - 120 캡슐 - 사프란 추출물 보충제 알약 - 파우더, 차, 실 및 젤리의 순수 사프란 대체품",29.95,https://m.media-amazon.com/images/I/81-jvnwydkL._AC_UL320_.jpg,,{}
"(알파 포스 캡슐 3개 팩, 에너지와 성능을 지원하는 천연 알약, 전반적인 건강을 위한 영양 포뮬러, 공식 리뷰 (180캡슐)",39.95,https://m.media-amazon.com/images/I/81G+lIT0AbL._AC_UL320_.jpg,,{}
"Old School Labs BioFit™(최대 강도)이 함유된 5000mg 크레아틴 모노하이드레이트 캡슐, 근육 성장 및 회복, 성능, 인지 건강 지원 - 남성 및 여성용 크레아틴 알약, 미국 제조 180캡슐",24.91,https://m.media-amazon.com/images/I/61twWZ9AhoL._AC_UL320_.jpg,,{}
"Ereforce – 에너지 연료를 돕는 프리미엄 성분이 함유된 고급 데일리 포뮬라, 일상 활동 및 활동적인 라이프 스타일 지원 | 하루에 삼키기 쉬운 알약 2개(60캡슐)",25.95,https://m.media-amazon.com/images/I/71CfKc6IWKL._AC_UL320_.jpg,,{}
aSquared Nutrition Myo-이노시톨 및 D-Chiro 이노시톨 보충제 - 180 캡슐 - 비타민 D3 및 아연 플러스 - Myo & D-Chiro 이노시톨 40 대 1 비율 - VIT B8 복합 알약,24.95,https://m.media-amazon.com/images/I/81XoZ643d3L._AC_UL320_.jpg,,{}
"RSP 남성용 테스토스테론 부스터, 프라임 T (120캡슐) 천연 테스트 부스터 알약, 프리 테스토스테론 증가, 마른 근육 성장, 근력, 체력 및 건강한 수면, 30회분 (포장은 다를 수 있음)",29.97,https://m.media-amazon.com/images/I/61KLUzTzkFL._AC_UL320_.jpg,,{}
"Quantum Nutrition Labs 그린 캡슐 - 슈퍼 그린 캡슐, 채소 보충제, 웰빙을 위한 슈퍼푸드 블렌드, 케일이 함유된 유기농 채소 알약, 잎이 많은 채소, 알팔파 - 채식주의자 캡슐 150개",38.34,https://m.media-amazon.com/images/I/71K5gbhruEL._AC_UL320_.jpg,,{}
"블랙 씨드 오일 소프트젤 1000mg - 프리미엄 니겔라 사티바 블랙시드, 순수 천연 블랙 커민 씨앗 오일 및 항산화 물질 피부 및 면역 지원 - GMO 프리, 미국 보충제 병 - 소프트젤 180정",17.42,https://m.media-amazon.com/images/I/71qrzlsiKjL._AC_UL320_.jpg,,{}
"유기농 아일랜드 바다 이끼 캡슐 1400MG - 우엉 뿌리, 블래더랙 및 흑후추 함유 - 면역 체계, 장 및 갑상선 클렌저 바다 이끼 젤 파우더 보충제 - 60CT",18.95,https://m.media-amazon.com/images/I/61pDXcdRYuL._AC_UL320_.jpg,,{}
"EAS 카페인 파워 200mg | 카페인 알약 보충제 | 에너지 증가 및 정신 경고 회복 | 글루텐 프리, GMO 프리, 채식주의자 친화적 | 100정 (2팩)",13.99,https://m.media-amazon.com/images/I/71CvOX2fMqL._AC_UL320_.jpg,,{}
Kaged Thermogenic 클린 번 캡 남성 및 여성용 체중 관리 보충제 카페인 프리 90회 분량,29.99,https://m.media-amazon.com/images/I/61ZATQC+okL._AC_UL320_.jpg,,{}
"(3 Pack) Virile Flow Max Pills, Official VirileFlow for Men, Premium Ingredients to Support Energy, Stamina and Performance, Easy-to-Swallow Pastillas Review (180 Capsules)",49.95,https://m.media-amazon.com/images/I/81AsO5rpXTL._AC_UL320_.jpg,,{}
"스톤 스토퍼 캡슐, 신장 결석 방지, 칼슘 옥살레이트 프로텍터, 알칼리 구연산염 지원 보충제, 신장 건강을 지원하기 위해 비뇨기과 전문의가 개발, 30일 분량(120개)",32.95,https://m.media-amazon.com/images/I/61HWSODDclL._AC_UL320_.jpg,,{}
마그네슘 L-트레오네이트 액체 포뮬러,39.97,https://m.media-amazon.com/images/I/81CKhdpicAL._AC_UL320_.jpg,,{}
"남성 및 여성용 천연 운동 전 알약 - 에너지 알약 - 운동 전 - 클린 체육관 보충제 - 피트니스 보충제 - 자극제, 신진 대사 및 에너지 부스터 - 펌프 - 60캡슐 / 1개월 분량",24.99,https://m.media-amazon.com/images/I/51KPbvwZyfL._AC_UL320_.jpg,,{}
"Huge Supplements Magnify 펌프 알약 및 산화질소 부스터, 근육 펌프, 충만도 및 혈관 향상, 과학 기반 성분 - NO3-T 질산염, 아그마틴 황산염, VasoDrive-AP (180캡슐)",44.95,https://m.media-amazon.com/images/I/51-0+0uMtdL._AC_UL320_.jpg,,{}
"Puregen Labs Dairy Relief Natural Fast Acting 락타아제 효소 3000 FCC, 락토스 불내증 알약 | 3팩 - 총 270정",25.95,https://m.media-amazon.com/images/I/615bkOZSP1L._AC_UL320_.jpg,,{}
"Arialief 신경병증용 캡슐, 신경병증을 위한 Arialief primepalm, 신경병증 및 좌골 신경통을 위한 Arialief primepalm, Arialief Primepalm 보충제 알약, Arialief 비타민 리뷰 (2팩)",24.95,https://m.media-amazon.com/images/I/71YTEmzXg+L._AC_UL320_.jpg,,{}
"야생 수확 다시마 및 목초 사육 소고기 간, 100% 유기농/할랄에서 원료를 얻은 투인원 에너지 포뮬러 - 천연 B12, 요오드, 철 및 비타민 A (180 캡슐)",42.00,https://m.media-amazon.com/images/I/71QwkaHNtwL._AC_UL320_.jpg,,{}
"Neuro Energy 카페인 껌 (108피스) - L-테아닌 + 천연 카페인 + 비타민 B12 및 B6 함유 무설탕 - 여성 및 남성용 누트로픽 에너지 및 집중력 보충제 - 케토 및 비건, 윈터그린 맛",24.99,https://m.media-amazon.com/images/I/71pZ0sEpyEL._AC_UL320_.jpg,,{}
카로티노이드 태닝 믹스 태닝 알약 남성 및 여성용,15.99,https://m.media-amazon.com/images/I/61EuMlwO6oL._AC_UL320_.jpg,,{}
"Awakening Natural Energy & Focus Nootropic 보충제, Panax 인삼, 구아라나 추출물 및 크롬 피콜리네이트 함유 | 집중력, 에너지, 기분 및 투명도를 위한 뇌 보충제 | 글루텐 프리 채소, 미국 - 60캡슐",28.99,https://m.media-amazon.com/images/I/716IPvpbwRL._AC_UL320_.jpg,,{}
"Nugenix Essentials 프리미엄 크레아틴 모노하이드레이트 알약 보충제, 3000mg, 300캡슐",34.99,https://m.media-amazon.com/images/I/71hpBwwF3uL._AC_UL320_.jpg,,{}
"Arrae 빠르게 작용하는 팽만감 완화 소화 효소, 천연 팽창, 가스 및 소화 불량 완화 캡슐 (30개)",29.97,https://m.media-amazon.com/images/I/51Pu-qjn7zL._AC_UL320_.jpg,,{}
"프리미엄 호니 염소 잡초 + 9가지 성분 - 빠른 혈류를 위한 남성용 기능성 알약, 근육 형성 및 남성 건강 지원 | 9가지 뒷받침 성분 | 타사 테스트 보충제 - 60개 알약",39.99,https://m.media-amazon.com/images/I/51NqOdkZ1mL._AC_UL320_.jpg,,{}
"Nordic Power Pills, 공식 노르딕 파워 캡슐 - 최대 강도 에너지, 체력 및 성능, 전반적인 웰빙을 지원하는 프리미엄 포뮬러, 천연 NordicPower Pastillas Review(2팩)",34.95,https://m.media-amazon.com/images/I/81dc2ICl2qL._AC_UL320_.jpg,,{}
"Arialief 신경병증용 캡슐, 신경병증을 위한 Arialief primepalm, 신경병증 및 좌골 신경통을 위한 Arialief primepalm, Arialief Primepalm 보충제 알약, Arialief 비타민 리뷰 (5팩)",49.95,https://m.media-amazon.com/images/I/71LDoR4nkAL._AC_UL320_.jpg,,{}
"ME GUSTA SHOP Spring Valley 에센셜 미네랄 엑스트라 스트렝스 마그네슘 태블릿 식이 보충제 영양 400mg, 250개 + Asstd Collor 알약 정리함 Me Gustas 스티커, 1팩",28.49,https://m.media-amazon.com/images/I/819iYRkfxmL._AC_UL320_.jpg,,{}
"IDEAL PERFORMANCE TC24 캡슐, TC 24 전립선 건강 보충제 알약 - 최대 강도, TC24는 전립선 히스 지원 천연 포뮬러, TC 24 캡슐 리뷰 (60캡슐)",24.95,https://m.media-amazon.com/images/I/613HGoP+PbL._AC_UL320_.jpg,,{}
"(5팩) 트로피컬 라이즈 남성용 알약 - 공식 TropicalRise 서포트 캡슐 천연 고급 포뮬러, 전반적인 건강 및 웰빙을 위한 Tropicalrise 보충제 알약, 5개월 동안 300캡슐",54.80,https://m.media-amazon.com/images/I/81+jy+D-j3L._AC_UL320_.jpg,,{}
"C-ognitive 카페인 알약, L-티로신, 알파 GPC, 은행나무 빌로바, 기억력과 집중력을 위한 바코파 모니에리 뇌 보충제, 뇌 누트로픽 지원 - GMO 프리, 글루텐 프리 (120개)",33.99,https://m.media-amazon.com/images/I/71FNg9oOuoL._AC_UL320_.jpg,,{}
"Quantum Nutrition Labs Quantum Chlorella - 클로렐라 캡슐, 엽록소 캡슐, 여성 및 남성용 유기농 알약, 엽록소 보충제 - 채식주의자 캡슐 120개",34.74,https://m.media-amazon.com/images/I/71qtiKn62sL._AC_UL320_.jpg,,{}
Blood Flow Boostoro Pro - 개선된 포뮬러 - 남성용 최고의 혈류 알약 및 남성용 혈류를 위한 최고의 혈액 순환 보충제 - 남성용 혈액 순환 혈관 확장제 보충제,32.97,https://m.media-amazon.com/images/I/61+sQdIw2bL._AC_UL320_.jpg,,{}
1MD Nutrition ProstateMD Saw Palmetto 전립선 지원 보충제 - 요로 및 빈번한 욕실 촉구 지원 | 소프트젤 60개(2팩),98.00,https://m.media-amazon.com/images/I/716+NrGs4mL._AC_UL320_.jpg,,{}
"Zeal 크레아틴 모노하이드레이트 (300캡슐, 무향 제품)",27.99,https://m.media-amazon.com/images/I/61utFxIieOL._AC_UL320_.jpg,,{}
"D-Mannose 보충제 1,350mg 크랜베리, 히비스커스 및 민들레 함유 - 빠른 효과, 천연 방광 및 요로 지원 여성 및 남성용 - 불순물 세척 및 클렌징 - GMO 프리, 비건 - 180캡슐",24.02,https://m.media-amazon.com/images/I/717GXZmigJL._AC_UL320_.jpg,,{}
"Dominator Maxxx 남성용 젤리 - Dominator Maxx 천연 일일 영양 지원 프리미엄 고급 포뮬러 종합 비타민 알약, 전반적인 건강 및 웰빙, 1개월 동안 젤리 60개",19.95,https://m.media-amazon.com/images/I/81b7sJXPayL._AC_UL320_.jpg,,{}
"균형 잡힌 프리폼 아미노 - 모유의 프로필이 있는 아미노산, 신경 전달 물질 및 호르몬 건강을 위한 필수 빌딩 블록 포함",49.99,https://m.media-amazon.com/images/I/312PjjGmxBL._AC_UL320_.jpg,,{}
"신장 성장 극대화제, 칼슘, 비타민 D3 및 아연 혼합 알약, 어린이 및 청소년을 위한 뼈 성장 보충제, 뼈 강도, 밀도 지원, GMO 프리, 글루텐 프리, 미국산, 120캡슐",55.99,https://m.media-amazon.com/images/I/81Qk225ku0L._AC_UL320_.jpg,,{}
Yuve 자연스럽고 빠르게 작용하는 유제품 완화 맛있는 츄어블 - 락타아제 효소 9000 FCC - 유당 불내증으로 인한 유제품 불편함에 작별 인사 - 딸기 크림 맛 - 30개입,21.99,https://m.media-amazon.com/images/I/81d7HMjFWEL._AC_UL320_.jpg,,{}
"크레아틴 모노하이드레이트 젤리 5000mg 크레아틴 여성 및 남성용 2팩, 집중력 향상을 위한 크레아틴 모노하이드레이트 츄, 근력, 1회 제공량당 크레아틴 모노하이드레이트 5g, 무설탕, 비건",26.97,https://m.media-amazon.com/images/I/71bvDz9zzRL._AC_UL320_.jpg,,{}
"Metabolic Nutrition 미립자 크레아틴 플러스 420g (420g, 블루 라즈베리)",24.99,https://m.media-amazon.com/images/I/61XpXVXRJYL._AC_UL320_.jpg,,{}
"Vital Vitamins Creatine Monohydrate Capsules (2-Pack) - Micronized Creatine Pills for Women & Men - Cognitive, Strength, Recovery Support - 3g (3000mg) per Serving - Vegan, Non-GMO",31.95,https://m.media-amazon.com/images/I/61U+1GI6WFL._AC_UL320_.jpg,,{}
"Milky 락토스 불내증 알약 - 10,800 FCC - 유당 불내증 유제품 완화 - 락타아제 효소 태블릿 - 휴대용 신용 카드 슬리브 - 팽창 및 가스 완화 (48개 울트라 바이올렛)",29.00,https://m.media-amazon.com/images/I/61Ao+O5cUJL._AC_UL320_.jpg,,{}
"LABO Nutrition MacaMaxima 페루 마카 뿌리, 통캇 알리, 블랙 생강, 아연 및 흑후추 추출물 보충제, 남성 및 여성용, 생식 건강, 에너지, 스태미나 지원 - GMO 프리, 비건 알약",32.90,https://m.media-amazon.com/images/I/718-f4a34TL._AC_UL320_.jpg,,{}
"ILIOS Dexatrim Max Complex-7 | 체중 감량을 위한 다이어트 알약 - 배고픔 및 체지방을 줄이기 위한 7가지 강력한 성분, 지방 연소 보충제, 남성 및 여성용 체중 감량 알약, 각 60캡슐 포함 3팩",38.95,https://m.media-amazon.com/images/I/61GZsaLK2FL._AC_UL320_.jpg,,{}
"Extra Strength Pomegranate Extract Pills, Plant-Based Antioxidant Support for Daily Balance, Vegan Non-GMO Capsules, Herbal Supplement, 60 Count",19.95,https://m.media-amazon.com/images/I/71LS7eRrlGL._AC_UL320_.jpg,,{}
"Pure Pomegranate Extract Pills, Plant-Based Antioxidant Support Supplement for Daily Use, Vegan Friendly Non-GMO Capsules, 60 Count",19.95,https://m.media-amazon.com/images/I/71LS7eRrlGL._AC_UL320_.jpg,,{}
포스파티딜세린 보충제 600MG 및 L 카르노신 - 천연 뇌 식품 보충제 - 포스파티딜콜린 알약의 강력한 대안 - 해바라기 레시틴의 포스파티딜세리나 (4팩),76.97,https://m.media-amazon.com/images/I/81D3Ivm+QKL._AC_UL320_.jpg,,{}
"Natural Pomegranate Extract Pills, Daily Antioxidant Support Capsules for Men and Women, Plant-Based Vegan Non-GMO Formula, 60 Count",19.95,https://m.media-amazon.com/images/I/71LS7eRrlGL._AC_UL320_.jpg,,{}
"Pure Pomegranate Extract Pills, Herbal Antioxidant Support for Men and Women, Daily Vegan Non-GMO Plant-Based Formula - 1 Bottle 60 Capsules",19.95,https://m.media-amazon.com/images/I/71LS7eRrlGL._AC_UL320_.jpg,,{}
"Premium Pomegranate Extract Pills, Natural Antioxidant Herbal Capsules, Plant-Based Vegan Non-GMO Supplement for Daily Wellness, 60 Count",19.95,https://m.media-amazon.com/images/I/71LS7eRrlGL._AC_UL320_.jpg,,{}
"BodyHealth PerfectAmino 삼키기 쉬운 정제, BCAA 함유 필수 아미노산 보충제, 운동 전/후 및 근육 회복을 위한 비건 단백질, 라이신, 트립토판, 류신 함유 (36회분)",59.95,https://m.media-amazon.com/images/I/717AcZxZYpL._AC_UL320_.jpg,,{}
"Pomegranate Extract Pills for Men and Women, Herbal Antioxidant Supplement, Plant-Based Vegan Non-GMO Capsules for Daily Support, 60 Count",19.95,https://m.media-amazon.com/images/I/71LS7eRrlGL._AC_UL320_.jpg,,{}
"Natural Pomegranate Extract Pills, Herbal Antioxidant Supplement, Plant-Based Vegan Non-GMO Capsules for Men and Women, 60 Count Bottle",19.95,https://m.media-amazon.com/images/I/71LS7eRrlGL._AC_UL320_.jpg,,{}
"Think FOCO 캡슐 (13+) 청소년 및 성인용 천연 집중력 보충제 - 집중력, 기억력, 정신 선명도, 인지 향상 비타민을 위한 뇌 누트로픽 - 주의력 보충제 - 60 캡슐",90.00,https://m.media-amazon.com/images/I/61xp4GkVe-L._AC_UL320_.jpg,,{}
"Pomegranate Extract Pills for Daily Antioxidant Support, Vegan Herbal Formula, Non-GMO Capsules for Men and Women Wellness, 60 Count Supplement",19.95,https://m.media-amazon.com/images/I/71LS7eRrlGL._AC_UL320_.jpg,,{}
"TadalaCaps 건강 지원, 오리지널 타달라 캡 알약 포뮬라 천연 프리미엄 고급 포뮬러, 타달라 캡슐 - 최대 강도, 일일 영양 멀티비타민, 1개월 동안 60캡슐",23.95,https://m.media-amazon.com/images/I/71jW3G5ZvmL._AC_UL320_.jpg,,{}
"Quantum Nutrition Labs American Ginseng Supplement - North American Herbal Ginseng Root Pills, Calming Energy Herb Extract Supplement - 60 Plant-Based Capsules",25.14,https://m.media-amazon.com/images/I/7193ks6xd4L._AC_UL320_.jpg,,{}
"Natural Pomegranate Extract Pills, Plant-Based Herbal Antioxidant Capsules, Vegan Non-GMO Supplement for Men and Women - 1 Bottle 60 Capsules",19.95,https://m.media-amazon.com/images/I/71LS7eRrlGL._AC_UL320_.jpg,,{}
"(2팩) TadalaCaps 건강 지원, 오리지널 타달라 캡 알약 포뮬라 천연 프리미엄 고급 포뮬러, 타다라 캡슐 - 최대 강도, 일일 영양 멀티비타민, 2개월 동안 120캡슐",29.95,https://m.media-amazon.com/images/I/816lGHDrlTL._AC_UL320_.jpg,,{}
"Advanced Formula, Pills, 90 캡슐",29.95,https://m.media-amazon.com/images/I/51HIjSpiFeL._AC_UL320_.jpg,,{}
"액체 멀티비타민, 무설탕 멀티 비타민, 여성 남성 및 아동용, 비타민 A, C, D, B-12, 비오틴 및 아연, 뷰티, 스킨 케어, 두꺼운 모발 성장 및 주름, GMO 프리, 비건, 베리 맛, 450ml(15온스)",21.82,https://m.media-amazon.com/images/I/61ieKrqXsIL._AC_UL320_.jpg,,{}
"Max Power Capsules – MaxPower Powerful Formula with Natural Ingredients for Stamina, Energy & Daily Performance | Easy-to-Swallow Pills, Official Reviews, 30 Day Supply (60 Capsules)",34.95,https://m.media-amazon.com/images/I/71aIa0FD1mL._AC_UL320_.jpg,,{}
"Baller 남성용 남성 보충제 - 빠르게 작용하는 체력 및 에너지 부스터 남성용 - 호색한 염소 위드, 마카 뿌리, 통캇 알리, 뮤쿠나 프루리엔 및 비타민 B6 - 지구력, 성능 및 활력 지원",35.95,https://m.media-amazon.com/images/I/91MlkoJF0DL._AC_UL320_.jpg,,{}
"Theralogix TheraCran One 크랜베리 캡슐 - 90일 분량 - 남성 및 여성용 보충제 - 요로 건강 지원* - 캡슐 당 36mg 가용성 PACs - NSF 인증, 90개 (1팩)",95.35,https://m.media-amazon.com/images/I/7139cSylFhL._AC_UL320_.jpg,,{}
"(2 Pack) Titan Surge – Men’s Protector Formula, TitanSurge ME Caps for Peak Performance, Nutrition & Pre Workout Support | Daily Health & Male Performance Blend, Easy-to-Take Pills (120 Capsules)",49.95,https://m.media-amazon.com/images/I/81v+1nA2sGL._AC_UL320_.jpg,,{}
"Maju Superfoods 블랙 시드 오일 캡슐, 강한 냉압착 처리, 2% 티모퀴논, 100% 터키산 블랙 커민 나이젤라 사티바 씨드 오일, 유기농 BSO, 액체 블랙시드, 120개, 캡슐 당 500mg (2팩)",79.99,https://m.media-amazon.com/images/I/71+0xQTJpUL._AC_UL320_.jpg,,{}
"어린이, 남성 및 여성용 5-in-1 Bio-Heal® 프로바이오틱스 캡슐 - 뇌 기능, 장 건강 및 변비를 위한 최고의 보충제 - 실온보관, 안정성 및 비타민, 미네랄 및 프리바이오틱스로 강화 - 모두 천연 성분",56.04,https://m.media-amazon.com/images/I/61e3aHHay4L._AC_UL320_.jpg,,{}
"Flyby 회복 보충제 - All The Hang, Without The Over!™ - 밀크 씨슬, 비타민 C, 활성탄 및 애플 사이다 식초 포함 - 음주 전 및 사후 포뮬러 (240개)",83.99,https://m.media-amazon.com/images/I/71fZBOhjcaL._AC_UL320_.jpg,,{}
"Glowbites - 여성용 태닝 젤리 - 셀프 탠 보충제 - 태닝 알약 대체품 - 빠른 작용 및 탈수 멜라닌 보충제 베타 카로틴, 아스타잔틴, 나이아신아미드 함유 - 빛나는 피부",24.99,https://m.media-amazon.com/images/I/713DRfLOonL._AC_UL320_.jpg,,{}
"AIHIYO 피부 미백 알약, 8000mg 글루타티온 보충제, 다크 스팟, 기미 및 여드름 흉터 제거제, 60정",29.99,https://m.media-amazon.com/images/I/61xDbTg9N3L._AC_UL320_.jpg,,{}
"프리미엄 영양 보충제, 성능 향상, 에너지 및 회복 향상, 20캡슐",39.99,https://m.media-amazon.com/images/I/71zfkj-6wHL._AC_UL320_.jpg,,{}
"Titan Surge – Men’s Protector Formula, TitanSurge ME Caps for Peak Performance, Nutrition & Pre Workout Support | Daily Health & Male Performance Blend, Easy-to-Take Pills (60 Capsules)",34.95,https://m.media-amazon.com/images/I/71SK+VCY2mL._AC_UL320_.jpg,,{}
Timeline Mitopure Urolithin A 보충제 젤리 - 건강한 노화 및 세포 재생을 위한 임상적으로 입증된 지원 - 근력 및 장수를 위한 미토슈티컬,125.00,https://m.media-amazon.com/images/I/61spSUjgH-L._AC_UL320_.jpg,,{}
"(3팩) TadalaCaps 건강 지원, 오리지널 타달라 캡 알약 포뮬라 천연 프리미엄 고급 포뮬러, 타다라 캡슐 - 최대 강도, 일일 영양 멀티비타민, 3개월 동안 180캡슐",39.95,https://m.media-amazon.com/images/I/81aeg9wREWL._AC_UL320_.jpg,,{}
"(3 Pack) Titan Surge – Men’s Protector Formula, TitanSurge ME Caps for Peak Performance, Nutrition & Pre Workout Support | Daily Health & Male Performance Blend, Easy-to-Take Pills (180 Capsules)",69.95,https://m.media-amazon.com/images/I/819FpOa-h+L._AC_UL320_.jpg,,{}
"락타아제 효소 보충제, 락토스 소화를 돕고, 알약 당 18,000 FCCs, 휴대용, 삼키기 쉬움, 방부제 및 글루텐 프리, 미국산, GMO 프리, 180개",89.99,https://m.media-amazon.com/images/I/81Rkaq2gZHL._AC_UL320_.jpg,,{}
"Gene in Us - Curves Bundle, Vanilla ThickQuick, Pink Sunburst Body Juice, Thick Pills",,https://m.media-amazon.com/images/I/71zJrLqhvoL._AC_UL320_.jpg,,{}
"블랜더보틀 셰이커 물병, 알약 정리함 및 단백질 파우더 보관통 포함, 프로스택 시스템, 650.6ml(22온스), 미드나이트 블랙",16.50,https://m.media-amazon.com/images/I/61Hjeao5kWL._AC_UL320_.jpg,,{}
"프로바이오틱스가 함유된 울트라 이지 알약 반죽 간식 페이스트 랩 - 반려동물 약물을 숨길 수 있는 맞춤형 포켓 형성 - 프로 라인 (6팩, 베이컨)",108.00,https://m.media-amazon.com/images/I/71Nl4t14-TL._AC_UL320_.jpg,,{}
"Appetite Booster 체중 증가 자극제 보충제, 저체중 성인 및 아동용 4세 이상 비타민 B1, B2, B3, B5, B6, B12, 엽산, 철, 아연, 아미노산, 아마씨 오일 강화",26.09,https://m.media-amazon.com/images/I/61A8iss3vML._AC_UL320_.jpg,,{}
"Clean Nutra 활성탄 알약 + Shilajit 프로바이오틱 소화 효소, 소화 건강 캡슐용, 페퍼민트 회향 감초 파파인 생강 강황 파우더 포함 | 장 건강",21.21,https://m.media-amazon.com/images/I/810-m3Bh2QL._AC_UL320_.jpg,,{}
7-KETO Musclean. 근육 톤 손실 없이 체지방 최대 3배까지 감소. 남성과 여성을 위한 강력한 열 발생 다이어트 알약. 지방 연소 신진 대사를 촉진합니다. 케토 다이어트 - 과잉 감소. 90 캡슐,37.50,https://m.media-amazon.com/images/I/61E4E0IBsOL._AC_UL320_.jpg,,{}
1회 제공량당 환원된 글루타티온 500mg - 200캡슐 - 간 건강 및 해독을 돕는 L-글루타티온 항산화 물질 - 면역 및 뇌 기능을 돕는 최대 강도 L 글루타티온 파우더 알약,39.99,https://m.media-amazon.com/images/I/81CFI+dGrcL._AC_UL320_.jpg,,{}
"CREATURE® 크레아틴 복합체 - Con-Crēt® 크레아틴 HCL을 포함한 5가지 유형의 크레아틴이 함유된 크레아틴 모노하이드레이트 캡슐, 근육, 힘, 지구력, 뇌 건강 촉진, 식물성 캡슐 180개, 60회 분량",24.99,https://m.media-amazon.com/images/I/71XbksXt7XL._AC_UL320_.jpg,,{}
"락타아제 효소 9000 FCC 유제품 완화 빠른 작용 보충제, 유당 불내증 알약 90정",8.11,https://m.media-amazon.com/images/I/61tHbgBpNxL._AC_UL320_.jpg,,{}
Amazing Formulas 크레아틴 모노하이드레이트 아미노산 보충제 | 1회 제공량당 3000mg | 180캡슐 | GMO 프리 | 글루텐 프리 | 미국 제조,15.99,https://m.media-amazon.com/images/I/61xZuzQJR2L._AC_UL320_.jpg,,{}
Genius 카페인 - 부드럽고 오래 지속되는 에너지 및 집중력을 위한 지속 방출 마이크로 캡슐 카페인 알약 - 불안이나 충돌 없음 - 캡슐 당 100mg - 100회 분량 - 천연 성능 부스터,14.95,https://m.media-amazon.com/images/I/71PBflbc81L._AC_UL320_.jpg,,{}
CB-1 체중 증가 알약 (90개) | 여성 및 남성용 체중 증가 지원 | 임상 테스트 식욕 부스터 | 강력한 질량 증가,69.98,https://m.media-amazon.com/images/I/71AzubgJGVL._AC_UL320_.jpg,,{}
Animal M-Stak - 비호르몬 하드 게이너 근육 빌딩 스택 에너지 복합체 포함 - 21개,43.94,https://m.media-amazon.com/images/I/61a9QlzvznL._AC_UL320_.jpg,,{}
"유기농 버섯 복합체: 사자 갈기, 칠면조 꼬리, 동충하초, 차가, 자연적으로 발생하는 베타글루칸 함유 - 유기농 에너지 및 면역 지원 블렌드: 홍경천 장미진, 인삼 및 아세로라 체리 120개입",25.95,https://m.media-amazon.com/images/I/81EMFDT4v9L._AC_UL320_.jpg,,{}
"LactoJoy 락타아제 알약 14,500 I 45피스 I 유당 불내증을 위한 강력한 락타아제 효소 I 소화 개선을 위한 울트라 퓨어 락타아제 I 이산화규소 없음, 인공 향료 없음, 수크랄로스 없음",19.99,https://m.media-amazon.com/images/I/61oa1Unaq2L._AC_UL320_.jpg,,{}
"BulkSupplements. com 카페인 100mg 캡슐 - 카페인 보충제, 카페인 알약 100mg - 에너지 지원, 1회 제공량당 카페인 캡슐 1개, 캡슐 300개(1팩)",,https://m.media-amazon.com/images/I/61NZVNT4NTL._AC_UL320_.jpg,,{}
"소형 데일리 알약 정리함, 휴대용 여행용 사이즈 알약 상자, BPA 프리, 비타민, 피쉬 오일, 영양 보충제, 약, 미네랄, DHA용 귀여운 휴대용 약 케이스 홀더 디스펜서, 화이트",5.69,https://m.media-amazon.com/images/I/41VlxzSm2uL._AC_UL320_.jpg,,{}
"Envy Nutrition 강황 및 생강 보충제 캡슐 애플 사이다 식초 포함 - 향상된 면역 및 신진 대사 지원 - 95% 커큐미노이드, 우수한 흡수를 위한 바이오페린(블랙 페퍼) - 60캡슐",19.87,https://m.media-amazon.com/images/I/61gQ7z4osfL._AC_UL320_.jpg,,{}
"아동용 철분 보충제 젤리 - 칼슘, 아연, 철분 젤리가 함유된 아동용 멀티비타민 - 철분 결핍을 위한 면역 지원, 혈액 생성 및 에너지 지원 - 딸기 맛 2팩, 젤리 60개",28.99,https://m.media-amazon.com/images/I/81QZRLcNbgL._AC_UL320_.jpg,,{}
"Zhou Nutrition 사이다 디톡스, 애플 사이다 식초 캡슐, 생강, 강황 및 카옌 포함, 소화, 해독, 심장 건강을 향상시키기 위한 최대 강도 열 발생 포뮬라",23.29,https://m.media-amazon.com/images/I/711-zaggNJL._AC_UL320_.jpg,,{}
"Optimum Nutrition Superior Amino 2222 정제, 완벽한 필수 아미노산, EAAs, 320정",42.64,https://m.media-amazon.com/images/I/61-KW2FHGiL._AC_UL320_.jpg,,{}
"Vitamatic 카페인 알약 1회 제공량당 200mg, 채식주의자 태블릿 250정 - 2팩",17.99,https://m.media-amazon.com/images/I/71ojd5b7GGL._AC_UL320_.jpg,,{}
"크레아틴 hcl 파우더 플러스 hmb 보충제 함유 크레아틴 캡슐 | 1회 제공량당 410mg HMB 및 1250mg 크레아틴 염산염 | 팽만감 없음, 고용성 - 크레아틴 알약 120개",28.99,https://m.media-amazon.com/images/I/51MKbJ2iyuL._AC_UL320_.jpg,,{}
"MELT EXT - 익스트림 열 발생 지방 연소 - 강력한 체중 감량 보조제, 대부분의 다이어트 알약보다 강력함 - 진정한 고원 파괴자 - 남성과 여성을 위한 빠른 체중 감량 - 실제 결과 - 60개입",34.95,https://m.media-amazon.com/images/I/719c6I1u4FL._AC_UL320_.jpg,,{}
Revitalize 피부 보충제 주름 미세 라인 수분 공급 안티에이징 수명 - 네일 스킨 헤어 비타민 - 피토세라미드 리코펜 히알루론산 알약 - 글루텐 프리 GMO 프리 비건 - 60캡슐,71.99,https://m.media-amazon.com/images/I/61c6+p7KhnL._AC_UL320_.jpg,,{}
"ProLab 카페인 태블릿 200mg - 200개입 | 에너지 지원, 지구력 및 정신 집중력 향상, 피로 감소, 운동 전, 추가 강도",12.99,https://m.media-amazon.com/images/I/510vyafDHqL._AC_UL320_.jpg,,{}
"SaltStick Electrolyte FastChews - 120개 오렌지 맛 - 수분 공급, 소금 탭, 탈수 완화를 위한 츄어블 전해질 태블릿",34.99,https://m.media-amazon.com/images/I/712KTlQSdfL._AC_UL320_.jpg,,{}
"마그네슘 구연산염 500MG (120ct) 진정, 이완, 변비 및 소화 지원 | 원소 매그 산화물이 함유된 고흡수 마그네슘 보충제 | 글루텐 프리, 콩 프리 | 4개월 분량",34.95,https://m.media-amazon.com/images/I/719B0T4yzzL._AC_UL320_.jpg,,{}
"Nutrex Research Anabol Hardcore Anabolic Antivator, 머슬 빌더 및 경화제, 60개",39.97,https://m.media-amazon.com/images/I/71Oo9mVqW8L._AC_UL320_.jpg,,{}
"Primaforce 크레아틴 모노하이드레이트 캡슐 - 240캡슐, 1회 제공량당 3,000mg, 글루텐 프리 및 GMO 프리",16.50,https://m.media-amazon.com/images/I/719mhybwHgL._AC_UL320_.jpg,,{}
"Sculpt Nation V Shred Burn 남성 및 여성용 열 발생 지방 버너 - 주간 지방 연소 신진 대사 부스터 - 프리미엄 캡시맥스 카이엔 페퍼, 크로마스, 특허 성분 - 천연 채소 알약 60개",48.50,https://m.media-amazon.com/images/I/51gYAmL3K3L._AC_UL320_.jpg,,{}
"Codeage 리포솜 크레아틴 모노하이드레이트 보충제, 순수 크레아틴 2500mg - 3개월 분량, 미립자, 크레아티닌 근육 스포츠 영양 및 운동 선수, GMO 프리 - 360 캡슐",39.99,https://m.media-amazon.com/images/I/61rgFzMmVGL._AC_UL320_.jpg,,{}
"DIM 보충제 200mg (120개) | 여성 및 남성용 에스트로겐 균형 | 호르몬 균형, 호르몬 여드름 보충제, 폐경기, 항산화 및 PMS 지원 | GMO 프리, 비건, 콩 프리 | 4개월 분량",47.95,https://m.media-amazon.com/images/I/71l6l-Ehj4L._AC_UL320_.jpg,,{}
"여성용 파인애플 젤리 pH - 냄새 및 식물 건강 및 웰빙을 위한 바이탈 페미닌 밸런스 젤리 공급원, 프로바이오틱스 질 젤리, 하와이안 파인애플, 글루텐 프리, 비건 (60개 - 30회분)",22.99,https://m.media-amazon.com/images/I/71qWzQ6j0jL._AC_UL320_.jpg,,{}
"Slimberine 케토 캡슐, 슬림베린 고급 포뮬러 알약 - 최대 강도, 슬림베린 천연 케토 알약, 슬림베린 캡슐, 슬림베린 공식 포뮬러 알약 리뷰 (2팩)",34.95,https://m.media-amazon.com/images/I/71E1yza4OIL._AC_UL320_.jpg,,{}
"(5팩) 부스트 업 캡슐, 남성용 공식 부스트 업, 천연 부스트 업 알약, 남성 건강과 웰빙을 지원하는 일일 영양, 프리미엄 부스트업, 부스트 업 리뷰 (300캡슐)",89.95,https://m.media-amazon.com/images/I/81nDeIjdxdL._AC_UL320_.jpg,,{}
"Ginger Roars - 120 Caffeine Gummies - Plant Based Caffeine Chews Each 33mg Caffeine, Made from Root Ginger with a Natural Fiery Kick for Improved Energy for Running, Cycling, preworkout & Focus.",44.99,https://m.media-amazon.com/images/I/81XLLI69T2L._AC_UL320_.jpg,,{}
"Kaged 크레아틴 HCl 파우더, 무향, 근육 형성 및 회복 보충제, 특허받은 포뮬러, 고용성 파우더, 75회 분량",24.99,https://m.media-amazon.com/images/I/71vlAHOJ3DL._AC_UL320_.jpg,,{}
"Natures Craft 여성 및 남성용 고강도 3상 크레아틴 태블릿 - 크레아틴 모노하이드레이트, 300mg HCL 및 피루브산 보충제 - 근육량 증가 및 회복 보충제 - 240정",29.99,https://m.media-amazon.com/images/I/61KUd2-M5XL._AC_UL320_.jpg,,{}
"Youtheory 비타민 C 함유 콜라겐, 290정(1병)",19.99,https://m.media-amazon.com/images/I/815CWe-LirL._AC_UL320_.jpg,,{}
Bull Blood 남성용 산화질소 보충제 - 아산화질소 부스터 - L 아르기닌 및 L 시트룰린 알약 - 운동 전 펌프 및 혈류 남성용 - 남성의 힘과 에너지 향상을 위한 NO2 부스터 - 60개입,18.99,https://m.media-amazon.com/images/I/71VVYF2ywdL._AC_UL320_.jpg,,{}
aSquared Nutrition Fadogia Agrestis 600mg 및 통캇 알리 400mg 보충제 (180캡슐) - Fadogia Agrestis 추출물 및 파우더 컴플렉스 알약 남성 및 여성용,29.95,https://m.media-amazon.com/images/I/81ENPX7kspL._AC_UL320_.jpg,,{}
"Genius Thermogenic 지방 버너, 60가지 다이어트 식물성 알약 - 체중 감량 및 신진 대사 보충제, 식욕 억제제 및 에너지 부스터 - 카페인 프리 누트로픽 포커스 및 뇌 부스트 - Ashwagandha & TeaCrine",49.99,https://m.media-amazon.com/images/I/71ovTjHQ4dL._AC_UL320_.jpg,,{}
"Burn-XT 열 발생 지방 버너 - 체중 감량 보충제, 식욕 억제제, 에너지 부스터 - 프리미엄 지방 연소 아세틸 L-카르니틴, 녹차 추출물, 기타 - 120가지 천연 채소 다이어트 알약",39.99,https://m.media-amazon.com/images/I/71GAit26CmL._AC_UL320_.jpg,,{}
"MuscleTech 남성용 Thermogenic 테스토스테론 부스터, AlphaTest Thermo - T-Boost 남성용 보충제 Tribulus Terrestris 포함 - 근육 성장, 체력 및 에너지를 위한 남성 체육관 운동 보충제 - 90정",22.49,https://m.media-amazon.com/images/I/71nZCTdqSYL._AC_UL320_.jpg,,{}
"여성용 질 프로바이오틱스, 건강한 냄새를 위한 여성 균형 pH 젤리, 효모 균형 및 식물상 + 면역 지원을 위한 비타민 C - 크랜베리",39.99,https://m.media-amazon.com/images/I/71Lah2HhqRL._AC_UL320_.jpg,,{}
"Energy Gummies 1000mcg 비타민 B12, 녹차 천연 카페인 지원, 일일 에너지 젤리 비타민, 맛있는 베리 맛 B12 츄어블 운동 보충제, 러닝 사이클링 및 스포츠용 - 츄잉 120개",17.82,https://m.media-amazon.com/images/I/71MPqLVelJL._AC_UL320_.jpg,,{}
"과일 및 채소 보충제 - 총 180캡슐 - GMO 프리, 콩 프리 (2팩)",49.95,https://m.media-amazon.com/images/I/81Oldl83kxL._AC_UL320_.jpg,,{}
"버섯 보충제 누트로픽 1330mg - 10 in 1 고강도 뇌 보충제 버섯 복합체, 사자 갈기, 칠면조 꼬리, 영지, 동충하초 및 차가 포함, 기억력, 뇌 및 집중력 지원 - 60캡슐",8.62,https://m.media-amazon.com/images/I/61OyOjhSKxL._AC_UL320_.jpg,,{}
"HUM Mighty Night Nighttime 수면 보충제, 스킨 케어, CoQ10, 발레리안 뿌리 및 페룰산, 세포 회전율 지원, 여성 및 남성용 피부 비타민, 오버나이트 뷰티 비타민, 비건 소프트젤 60개",39.99,https://m.media-amazon.com/images/I/71fcSqprbZL._AC_UL320_.jpg,,{}
"소화 효소 플러스 프로바이오틱스 & 프리바이오틱스 - 천연 글루텐 프리 서포트 - 더 나은 소롸 & 유당 흡수 - 복부팽만 & 가스 완화 + 과민성 대장 증후군 & 장누수 증후군에 도움, 1",39.97,https://m.media-amazon.com/images/I/81TlfqDisnL._AC_UL320_.jpg,,{}
